City_ID,City,Country,Date,Lat,Lng,Max Temp,Humidity,Cloudiness,Wind Speed
0,Port Hedland,AU,2022-02-02 21:22:12,-20.3167,118.5667,78.85,94,96,5.75
1,Jamestown,US,2022-02-02 21:15:23,42.097,-79.2353,41.09,40,100,14.97
2,Mogok,MM,2022-02-02 21:26:20,22.9167,96.5,47.43,61,0,1.95
3,Codrington,AU,2022-02-02 21:25:17,-38.2667,141.9667,58.32,68,82,14.32
4,Butaritari,KI,2022-02-02 21:26:20,3.0707,172.7902,81.34,80,32,18.3
5,Port Alfred,ZA,2022-02-02 21:21:45,-33.5906,26.891,74.26,95,100,9.89
6,Camana,PE,2022-02-02 21:26:21,-16.6228,-72.7111,74.46,73,48,9.35
7,Ushuaia,AR,2022-02-02 21:26:21,-54.8,-68.3,46.06,57,75,20.71
8,Makat,KZ,2022-02-02 21:26:22,47.6469,53.3463,30.15,91,85,10.71
9,Mar Del Plata,AR,2022-02-02 21:26:22,-38.0023,-57.5575,85.08,50,0,1.99
10,Rikitea,PF,2022-02-02 21:23:10,-23.1203,-134.9692,78.17,73,100,5.37
11,Tiksi,RU,2022-02-02 21:26:23,71.6872,128.8694,-5.03,98,100,6.64
12,Inhambane,MZ,2022-02-02 21:26:23,-23.865,35.3833,76.77,82,12,7.94
13,Atuona,PF,2022-02-02 21:26:24,-9.8,-139.0333,77.25,78,93,14.58
14,Tasiilaq,GL,2022-02-02 21:26:24,65.6145,-37.6368,14.16,73,100,4.83
15,Saint-Philippe,RE,2022-02-02 21:26:26,-21.3585,55.7679,80.19,94,100,33.02
16,Dunedin,NZ,2022-02-02 21:24:16,-45.8742,170.5036,56.14,94,100,12.86
17,Akdepe,TM,2022-02-02 21:26:17,42.0551,59.3788,32.09,79,1,9.51
18,Esperance,AU,2022-02-02 21:23:47,-33.8667,121.9,57.04,74,3,10.67
19,Hamilton,US,2022-02-02 21:26:27,39.1834,-84.5333,45.21,94,100,3.44
20,Ponta Do Sol,PT,2022-02-02 21:26:28,32.6667,-17.1,68.72,76,100,5.79
21,Thinadhoo,MV,2022-02-02 21:26:28,0.5333,72.9333,82.49,71,11,7.85
22,Mataura,NZ,2022-02-02 21:26:10,-46.1927,168.8643,57.47,98,100,4.25
23,Dourados,BR,2022-02-02 21:26:29,-22.2211,-54.8056,80.56,72,76,7.81
24,Busselton,AU,2022-02-02 21:21:43,-33.65,115.3333,67.05,49,100,14.92
25,Geraldton,AU,2022-02-02 21:26:29,-28.7667,114.6,84.61,17,0,21.85
26,Xining,CN,2022-02-02 21:26:30,36.6167,101.7667,12.02,68,58,3.02
27,Sovetskaya Gavan,RU,2022-02-02 21:26:31,48.9723,140.2878,0.63,85,11,6.11
28,Puerto Leguizamo,CO,2022-02-02 21:26:31,-0.1934,-74.7819,86.32,52,94,1.74
29,Vanavara,RU,2022-02-02 21:26:31,60.34,102.2797,-12.41,100,92,2.71
30,Punta Arenas,CL,2022-02-02 21:25:53,-53.15,-70.9167,48.31,76,75,9.22
31,Bolobo,CD,2022-02-02 21:26:32,-2.1667,16.2333,74.75,87,100,2.59
32,Thompson,CA,2022-02-02 21:26:32,55.7435,-97.8558,-9.24,54,20,14.97
33,Sept-Iles,CA,2022-02-02 21:26:33,50.2001,-66.3821,26.06,92,100,1.01
34,Sitangkai,PH,2022-02-02 21:26:33,4.6628,119.3928,80.82,74,96,8.03
35,Hilo,US,2022-02-02 21:26:23,19.7297,-155.09,77.11,69,40,6.91
36,Byron Bay,AU,2022-02-02 21:26:34,-28.65,153.6167,77.05,93,98,9.64
37,Bardiyah,LY,2022-02-02 21:26:34,31.7561,25.0865,54.12,68,100,11.79
38,Marsaxlokk,MT,2022-02-02 21:26:34,35.8419,14.5431,56.08,87,0,12.66
39,Lorengau,PG,2022-02-02 21:26:35,-2.0226,147.2712,79.39,80,100,11.83
40,Airai,TL,2022-02-02 21:26:35,-8.9266,125.4092,60.28,89,100,2.26
41,Pucallpa,PE,2022-02-02 21:26:36,-8.3791,-74.5539,89.64,58,75,2.3
42,Nikolskoye,RU,2022-02-02 21:26:36,59.7035,30.7861,22.89,98,99,1.41
43,Arraial Do Cabo,BR,2022-02-02 21:26:37,-22.9661,-42.0278,78.76,89,75,3.44
44,Emerald,AU,2022-02-02 21:21:53,-23.5333,148.1667,73.35,93,100,10.63
45,Albany,US,2022-02-02 21:24:53,42.6001,-73.9662,43.81,74,77,8.75
46,Hobart,AU,2022-02-02 21:24:59,-42.8794,147.3294,57.06,65,40,1.01
47,Bluff,NZ,2022-02-02 21:27:37,-46.6,168.3333,57.79,69,100,16.17
48,Umaria,IN,2022-02-02 21:27:38,23.5333,80.8333,58.98,45,13,3.0
49,Olbia,IT,2022-02-02 21:27:38,40.9214,9.4856,53.65,76,0,13.8
50,Puerto Ayora,EC,2022-02-02 21:27:39,-0.7393,-90.3518,82.36,88,40,5.99
51,Norman Wells,CA,2022-02-02 21:27:39,65.282,-126.8329,-21.96,69,75,10.36
52,Morant Bay,JM,2022-02-02 21:27:39,17.8815,-76.4093,83.82,69,0,10.92
53,Bandarbeyla,SO,2022-02-02 21:27:40,9.4942,50.8122,75.02,73,19,16.6
54,Saskatoon,CA,2022-02-02 21:27:40,52.1168,-106.6345,-11.83,73,20,5.01
55,Vardo,NO,2022-02-02 21:27:41,70.3705,31.1107,28.38,86,75,14.97
56,Ternate,ID,2022-02-02 21:27:41,0.8,127.4,78.24,82,100,4.65
57,Faanui,PF,2022-02-02 21:27:41,-16.4833,-151.75,80.85,75,23,17.0
58,Barrow,US,2022-02-02 21:27:42,71.2906,-156.7887,-20.18,69,0,4.61
59,Hithadhoo,MV,2022-02-02 21:27:42,-0.6,73.0833,81.97,70,72,7.38
60,Korla,CN,2022-02-02 21:27:43,41.7597,86.1469,23.56,56,13,6.31
61,Manuk Mangkaw,PH,2022-02-02 21:27:43,4.8,119.85,80.82,73,93,5.88
62,Kangaatsiaq,GL,2022-02-02 21:27:43,68.3065,-53.4641,-7.08,86,100,16.55
63,Cidreira,BR,2022-02-02 21:25:28,-30.1811,-50.2056,77.11,81,0,16.31
64,Oro Valley,US,2022-02-02 21:27:44,32.3909,-110.9665,61.81,19,27,10.0
65,Mahebourg,MU,2022-02-02 21:27:44,-20.4081,57.7,79.09,100,75,33.38
66,Pitimbu,BR,2022-02-02 21:27:45,-7.4706,-34.8086,82.99,70,58,12.46
67,Grand Gaube,MU,2022-02-02 21:22:51,-20.0064,57.6608,79.38,87,100,20.0
68,Victoria,HK,2022-02-02 21:27:45,22.2855,114.1577,57.25,90,100,8.99
69,Akyab,MM,2022-02-02 21:27:46,20.15,92.9,63.45,74,4,6.4
70,Sobolevo,RU,2022-02-02 21:27:46,54.4299,31.8996,24.22,96,100,8.9
71,Maltahohe,NA,2022-02-02 21:27:47,-24.8333,16.9833,72.48,48,61,16.11
72,Vaini,TO,2022-02-02 21:26:04,-21.2,-175.2,86.16,70,20,8.05
73,Caravelas,BR,2022-02-02 21:27:47,-17.7125,-39.2481,79.52,82,100,6.15
74,Vila Franca Do Campo,PT,2022-02-02 21:27:47,37.7167,-25.4333,58.19,75,25,9.31
75,Katsuura,JP,2022-02-02 21:27:48,35.1333,140.3,37.51,52,24,10.87
76,Nishihara,JP,2022-02-02 21:27:48,26.1842,127.7558,70.88,92,100,9.22
77,Cap Malheureux,MU,2022-02-02 21:27:48,-19.9842,57.6142,79.29,88,100,21.0
78,Deputatskiy,RU,2022-02-02 21:27:49,69.3,139.9,-23.69,93,26,6.17
79,Maningrida,AU,2022-02-02 21:27:49,-12.0667,134.2667,76.77,89,99,9.24
80,Kapaa,US,2022-02-02 21:27:50,22.0752,-159.319,80.47,65,0,1.01
81,Salinopolis,BR,2022-02-02 21:27:50,-0.6136,-47.3561,79.07,83,97,14.03
82,Mahibadhoo,MV,2022-02-02 21:27:50,3.7833,72.9667,82.08,71,4,9.82
83,Oktyabrskiy,RU,2022-02-02 21:27:51,54.4815,53.471,28.53,92,100,15.01
84,San Patricio,US,2022-02-02 21:27:51,28.017,-97.5169,81.28,68,100,16.51
85,Mount Gambier,AU,2022-02-02 21:27:52,-37.8333,140.7667,57.11,67,100,14.97
86,Bredasdorp,ZA,2022-02-02 21:27:52,-34.5322,20.0403,69.12,73,47,8.05
87,Lompoc,US,2022-02-02 21:27:52,34.6391,-120.4579,67.69,18,0,14.97
88,Klaksvik,FO,2022-02-02 21:27:53,62.2266,-6.589,41.92,82,100,10.38
89,Naryan-Mar,RU,2022-02-02 21:27:53,67.6713,53.087,7.75,96,100,7.7
90,Leningradskiy,RU,2022-02-02 21:28:53,69.3833,178.4167,-14.17,95,30,9.71
91,Haines Junction,CA,2022-02-02 21:28:54,60.7522,-137.5108,-0.45,60,99,5.75
92,Tuktoyaktuk,CA,2022-02-02 21:28:54,69.4541,-133.0374,-22.0,69,75,11.5
93,Guerrero Negro,MX,2022-02-02 21:28:54,27.9769,-114.0611,63.84,52,3,12.48
94,Maarianhamina,AX,2022-02-02 21:28:55,60.0973,19.9348,21.06,93,75,0.0
95,Taywarah,AF,2022-02-02 21:28:55,33.35,64.4167,2.05,92,24,4.88
96,Zapolyarnyy,RU,2022-02-02 21:28:16,69.4154,30.8136,-1.12,96,100,2.98
97,Santo Tomas,PH,2022-02-02 21:28:56,14.1079,121.1414,77.25,88,85,6.2
98,Khatanga,RU,2022-02-02 21:28:56,71.9667,102.5,-37.3,98,49,2.55
99,Severo-Kurilsk,RU,2022-02-02 21:26:45,50.6789,156.125,27.19,81,97,7.54
100,Pevek,RU,2022-02-02 21:28:57,69.7008,170.3133,-8.57,76,32,4.63
101,Chuy,UY,2022-02-02 21:28:57,-33.6971,-53.4616,77.38,66,0,13.29
102,Demir Kapija,MK,2022-02-02 21:28:57,41.405,22.2489,43.11,92,56,4.27
103,Boljevac,RS,2022-02-02 21:27:52,43.8303,21.9531,35.85,96,84,4.21
104,Port Elizabeth,ZA,2022-02-02 21:28:58,-33.918,25.5701,72.1,100,75,13.8
105,Yellowknife,CA,2022-02-02 21:28:15,62.456,-114.3525,-20.7,75,20,3.44
106,Hede,CN,2022-02-02 21:28:59,33.7681,120.2517,30.78,69,95,2.75
107,Powell River,CA,2022-02-02 21:28:59,49.8496,-124.5361,37.08,93,100,6.91
108,Zaltan,LY,2022-02-02 21:28:59,32.947,11.8665,57.02,67,72,15.95
109,Miandrivazo,MG,2022-02-02 21:29:00,-19.5167,45.4667,78.69,81,59,0.83
110,Bereda,ES,2022-02-02 21:29:00,43.2686,-7.5406,53.91,100,91,1.72
111,Burns Lake,CA,2022-02-02 21:29:00,54.2331,-125.7533,6.22,88,100,2.73
112,Khon Buri,TH,2022-02-02 21:29:01,14.5254,102.2459,79.54,79,17,2.86
113,Bonnyville,CA,2022-02-02 21:29:01,54.2668,-110.735,-10.57,85,37,11.27
114,Nchelenge,ZM,2022-02-02 21:29:02,-9.3451,28.734,71.8,77,100,5.44
115,Kodiak,US,2022-02-02 21:29:02,57.79,-152.4072,36.91,87,100,0.0
116,Ancud,CL,2022-02-02 21:29:02,-41.8697,-73.8203,70.23,73,94,8.14
117,Coahuayana,MX,2022-02-02 21:26:53,18.7333,-103.6833,87.28,35,0,7.52
118,Waingapu,ID,2022-02-02 21:29:03,-9.6567,120.2641,78.48,80,15,8.84
119,Miri,MY,2022-02-02 21:29:03,4.4148,114.0089,75.34,100,40,0.0
120,Lakatoro,VU,2022-02-02 21:29:04,-16.0999,167.4164,82.67,77,74,1.1
121,Mehamn,NO,2022-02-02 21:29:04,71.0357,27.8492,21.38,75,100,8.19
122,Fallon,US,2022-02-02 21:29:04,39.4735,-118.7774,37.27,32,20,9.22
123,Tautira,PF,2022-02-02 21:29:05,-17.7333,-149.15,84.22,77,17,17.47
124,Belaya Gora,RU,2022-02-02 21:29:05,68.5333,146.4167,-26.84,100,98,4.81
125,Portland,US,2022-02-02 21:27:34,45.5234,-122.6762,46.29,93,100,3.0
126,Gao,ML,2022-02-02 21:29:06,16.6362,1.637,67.98,10,0,10.02
127,Beringovskiy,RU,2022-02-02 21:25:21,63.05,179.3167,1.22,80,75,19.95
128,Ornskoldsvik,SE,2022-02-02 21:29:06,63.2909,18.7153,9.55,92,100,4.61
129,Souillac,MU,2022-02-02 21:29:07,-20.5167,57.5167,79.36,100,75,33.38
130,Tukrah,LY,2022-02-02 21:29:07,32.5341,20.5791,54.14,62,97,18.43
131,Cape Town,ZA,2022-02-02 21:27:53,-33.9258,18.4232,65.88,90,40,1.99
132,Port Macquarie,AU,2022-02-02 21:28:05,-31.4333,152.9167,69.69,100,100,9.22
133,Kajaani,FI,2022-02-02 21:29:08,64.2273,27.7285,-7.55,84,100,1.14
134,New Norfolk,AU,2022-02-02 21:29:08,-42.7826,147.0587,57.7,69,67,1.01
135,Thornbury,GB,2022-02-02 21:29:08,52.2333,-2.55,48.45,83,100,5.77
136,Kaniama,CD,2022-02-02 21:29:09,-7.5667,24.1833,66.16,97,99,2.21
137,Hualmay,PE,2022-02-02 21:29:09,-11.0964,-77.6139,75.6,68,3,13.4
138,High Level,CA,2022-02-02 21:30:07,58.5169,-117.136,-11.09,77,40,6.91
139,Ballina,AU,2022-02-02 21:30:10,-28.8667,153.5667,73.78,100,100,12.66
140,Saldanha,ZA,2022-02-02 21:30:11,-33.0117,17.9442,66.25,86,79,6.91
141,Qaqortoq,GL,2022-02-02 21:30:11,60.7167,-46.0333,5.5,69,56,7.52
142,Tatarsk,RU,2022-02-02 21:30:12,55.219,75.9828,5.07,96,99,7.61
143,Naruja,GE,2022-02-02 21:30:15,41.9069,41.9542,52.12,70,99,5.75
144,Mantua,IT,2022-02-02 21:30:15,45.1667,10.7833,53.71,84,0,3.0
145,Krasnyy Chikoy,RU,2022-02-02 21:30:16,50.3643,108.7512,-9.17,100,100,1.92
146,Abay,KZ,2022-02-02 21:30:16,49.6311,72.8539,1.78,88,100,3.06
147,Avarua,CK,2022-02-02 21:29:37,-21.2078,-159.775,82.45,83,75,18.41
148,Hermanus,ZA,2022-02-02 21:26:18,-34.4187,19.2345,66.9,86,7,9.8
149,Nuuk,GL,2022-02-02 21:30:17,64.1835,-51.7216,11.01,48,75,6.91
150,Luwuk,ID,2022-02-02 21:29:21,-0.9516,122.7875,77.0,78,100,5.01
151,Cogealac,RO,2022-02-02 21:30:18,44.55,28.5667,34.05,83,100,6.11
152,Provideniya,RU,2022-02-02 21:30:18,64.3833,-173.3,3.47,69,18,22.62
153,Ngorongoro,TZ,2022-02-02 21:30:19,-3.2397,35.4875,50.83,87,88,3.83
154,Pak Phanang,TH,2022-02-02 21:30:19,8.3511,100.202,77.49,83,55,7.45
155,Okulovka,RU,2022-02-02 21:30:20,58.4008,33.2908,16.92,96,100,2.3
156,Yerbogachen,RU,2022-02-02 21:30:20,61.2767,108.0108,-5.03,99,98,3.58
157,Kaitangata,NZ,2022-02-02 21:30:20,-46.2817,169.8464,54.36,95,100,4.99
158,Isangel,VU,2022-02-02 21:30:21,-19.55,169.2667,82.02,74,99,2.44
159,Manta,EC,2022-02-02 21:30:21,-0.95,-80.7333,80.38,83,75,10.36
160,Yuxia,CN,2022-02-02 21:30:22,34.0615,108.6291,30.81,68,99,3.56
161,Hefei,CN,2022-02-02 21:28:06,31.8639,117.2808,33.82,93,100,2.24
162,Georgetown,MY,2022-02-02 21:30:16,5.4112,100.3354,80.53,91,20,0.0
163,Tuatapere,NZ,2022-02-02 21:30:22,-46.1333,167.6833,57.81,85,100,6.87
164,Tenenkou,ML,2022-02-02 21:30:23,14.4572,-4.9169,72.63,13,0,11.16
165,Sao Filipe,CV,2022-02-02 21:30:23,14.8961,-24.4956,75.78,65,3,17.96
166,Ilulissat,GL,2022-02-02 21:30:23,69.2167,-51.1,-0.38,65,20,29.93
167,Okhotsk,RU,2022-02-02 21:30:24,59.3833,143.3,7.0,75,100,15.39
168,Takoradi,GH,2022-02-02 21:30:24,4.8845,-1.7554,80.37,81,1,10.09
169,Zemio,CF,2022-02-02 21:30:25,5.0314,25.1361,80.55,28,99,1.61
170,Opuwo,NA,2022-02-02 21:30:25,-18.0607,13.84,66.02,57,49,7.25
171,Neiafu,TO,2022-02-02 21:30:26,-18.65,-173.9833,84.88,79,40,3.44
172,Sinop,TR,2022-02-02 21:30:26,41.7711,34.8709,38.68,85,100,13.27
173,Abu Dhabi,AE,2022-02-02 21:30:25,24.4667,54.3667,66.96,65,40,8.05
174,Kavieng,PG,2022-02-02 21:30:26,-2.5744,150.7967,78.42,84,100,13.67
175,Lata,PT,2022-02-02 21:30:27,40.1629,-8.3327,51.93,73,95,2.26
176,Severodvinsk,RU,2022-02-02 21:30:27,64.5635,39.8302,12.31,98,96,3.06
177,Saint-Augustin,CA,2022-02-02 21:30:28,51.226,-58.6502,23.79,82,100,24.43
178,Kilimatinde,TZ,2022-02-02 21:30:28,-5.85,34.95,65.97,92,100,1.57
179,Bethel,US,2022-02-02 21:30:28,41.3712,-73.414,43.63,81,100,1.14
180,Grindavik,IS,2022-02-02 21:30:29,63.8424,-22.4338,27.07,63,75,1.14
181,Margate,GB,2022-02-02 21:30:29,51.3813,1.3862,47.91,82,100,4.0
182,Comodoro Rivadavia,AR,2022-02-02 21:30:00,-45.8667,-67.5,84.06,21,0,12.66
183,Pisco,PE,2022-02-02 21:30:07,-13.7,-76.2167,78.85,57,0,20.71
184,Sangar,RU,2022-02-02 21:30:30,63.9242,127.4739,-31.32,100,72,2.44
185,Clyde River,CA,2022-02-02 21:29:35,70.4692,-68.5914,-16.37,76,100,8.05
186,Konevo,RU,2022-02-02 21:30:30,62.1215,39.3192,10.0,98,99,1.79
187,Tosya,TR,2022-02-02 21:31:31,41.0155,34.0401,38.19,96,100,9.44
188,Hasaki,JP,2022-02-02 21:31:31,35.7333,140.8333,25.2,50,36,10.02
189,Adrar,MR,2022-02-02 21:31:32,20.5022,-10.0711,70.34,20,81,10.2
190,Petropavlovsk-Kamchatskiy,RU,2022-02-02 21:30:11,53.0452,158.6483,23.59,93,75,4.47
191,Turukhansk,RU,2022-02-02 21:31:32,65.8167,87.9833,1.13,96,100,6.42
192,Nanortalik,GL,2022-02-02 21:31:32,60.1432,-45.2371,6.84,67,29,7.96
193,Sabang,ID,2022-02-02 21:31:33,5.8933,95.3214,80.65,78,48,8.23
194,Baturaja,ID,2022-02-02 21:31:33,-4.1333,104.1667,72.05,99,94,1.39
195,Taoudenni,ML,2022-02-02 21:31:33,22.6783,-3.9836,67.33,18,7,14.76
196,Broome,US,2022-02-02 21:31:34,42.2506,-75.833,42.01,70,0,1.99
197,Saint Anthony,US,2022-02-02 21:30:12,45.0205,-93.218,8.53,52,0,5.99
198,Nerchinskiy Zavod,RU,2022-02-02 21:31:34,51.3088,119.61,-26.05,99,63,2.66
199,Aktau,KZ,2022-02-02 21:31:35,43.65,51.2,36.18,78,75,17.58
200,Labuhan,ID,2022-02-02 21:31:35,-6.8844,112.2051,77.63,86,100,5.12
201,Baruun-Urt,MN,2022-02-02 21:31:36,46.6806,113.2792,-11.6,94,68,3.47
202,Sioux Lookout,CA,2022-02-02 21:31:36,50.1001,-91.917,-9.02,64,75,12.66
203,Chivay,PE,2022-02-02 21:31:36,-15.6383,-71.6011,51.69,74,94,9.78
204,Sistranda,NO,2022-02-02 21:31:37,63.7256,8.834,31.96,73,92,19.26
205,Torbay,CA,2022-02-02 21:31:37,47.6666,-52.7314,26.49,84,40,4.61
206,Korem,ET,2022-02-02 21:31:37,12.5058,39.5228,53.49,81,71,5.23
207,Narsaq,GL,2022-02-02 21:31:38,60.9167,-46.05,5.22,66,56,7.92
208,Werda,BW,2022-02-02 21:31:38,-25.2667,23.2833,78.39,56,79,7.14
209,San Isidro,PE,2022-02-02 21:31:39,-12.1167,-77.05,76.59,61,0,13.8
210,Upernavik,GL,2022-02-02 21:31:39,72.7868,-56.1549,-5.13,69,100,7.65
211,Kirkuk,IQ,2022-02-02 21:31:39,35.4681,44.3922,48.06,50,100,5.82
212,Lamu,KE,2022-02-02 21:31:40,-2.2717,40.902,79.02,89,100,9.35
213,Carabalan,PH,2022-02-02 21:31:40,10.1061,122.9481,73.38,90,98,6.96
214,Alyangula,AU,2022-02-02 21:31:40,-13.8483,136.4192,80.47,83,100,10.36
215,Banda Aceh,ID,2022-02-02 21:31:41,5.5577,95.3222,76.89,86,39,6.06
216,Saint George,US,2022-02-02 21:30:55,37.1041,-113.5841,43.63,19,0,5.01
217,Filadelfia,US,2022-02-02 21:30:32,39.9523,-75.1638,46.72,77,75,0.0
218,Kibala,TD,2022-02-02 21:31:42,9.1104,18.3463,75.15,27,0,6.91
219,Longyearbyen,SJ,2022-02-02 21:31:42,78.2186,15.6401,17.44,67,79,12.66
220,Kulunda,RU,2022-02-02 21:31:43,52.566,78.9385,-5.35,100,94,2.95
221,Tarifa,ES,2022-02-02 21:31:43,36.0139,-5.607,57.15,79,89,10.13
222,Ribeira Grande,PT,2022-02-02 21:29:36,38.5167,-28.7,61.2,72,40,13.8
223,Qaanaaq,GL,2022-02-02 21:26:58,77.484,-69.3632,-15.68,77,100,7.05
224,Constitucion,CL,2022-02-02 21:31:40,-35.3333,-72.4167,64.42,73,31,8.59
225,Bam,IR,2022-02-02 21:31:44,29.106,58.357,48.43,43,0,6.53
226,Chapais,CA,2022-02-02 21:31:44,49.7834,-74.8492,13.78,90,100,7.87
227,Kamenka,RU,2022-02-02 21:31:45,51.3223,42.7678,31.75,99,100,6.17
228,Kumluca,TR,2022-02-02 21:31:45,36.3703,30.2869,55.45,82,100,14.18
229,Kharopon,GR,2022-02-02 21:31:45,41.2667,23.3833,39.47,87,100,6.4
230,Saskylakh,RU,2022-02-02 21:31:46,71.9167,114.0833,-30.41,100,28,2.59
231,Nouakchott,MR,2022-02-02 21:31:46,18.0858,-15.9785,85.93,25,0,11.52
232,Mount Isa,AU,2022-02-02 21:32:46,-20.7333,139.5,80.37,78,100,4.61
233,Bayan,CN,2022-02-02 21:32:47,46.0833,127.4,-5.06,98,100,4.23
234,Svetlyy,RU,2022-02-02 21:32:47,54.675,20.1347,30.25,74,100,10.58
235,Sitka,US,2022-02-02 21:32:48,57.0531,-135.33,37.29,93,100,5.75
236,Segesd,HU,2022-02-02 21:32:48,46.3414,17.3513,39.0,59,27,17.49
237,Kuytun,RU,2022-02-02 21:32:48,54.3419,101.5036,-18.6,100,95,1.21
238,Bambous Virieux,MU,2022-02-02 21:32:49,-20.3428,57.7575,79.21,100,75,33.38
239,Port Blair,IN,2022-02-02 21:29:28,11.6667,92.75,76.53,71,79,5.93
240,Bukama,CD,2022-02-02 21:32:49,-9.2,25.85,68.52,95,99,0.49
241,San Jeronimo,PE,2022-02-02 21:32:50,-11.9472,-75.2829,60.22,58,58,4.18
242,Nyurba,RU,2022-02-02 21:32:50,63.2842,118.3319,-33.93,100,81,3.4
243,Saqqez,IR,2022-02-02 21:32:51,36.2499,46.2735,14.2,62,61,4.23
244,Pasighat,IN,2022-02-02 21:32:51,28.0667,95.3333,53.4,71,78,3.38
245,Iqaluit,CA,2022-02-02 21:32:51,63.7506,-68.5145,8.33,78,100,11.01
246,Palmer,US,2022-02-02 21:32:52,42.1584,-72.3287,45.01,72,75,0.0
247,Nemuro,JP,2022-02-02 21:30:42,43.3236,145.575,22.8,72,54,8.23
248,Alofi,NU,2022-02-02 21:32:28,-19.0595,-169.9187,76.89,88,75,6.91
249,Jagadhri,IN,2022-02-02 21:32:52,30.1667,77.3,56.48,61,100,5.17
250,Rudsar,IR,2022-02-02 21:32:53,37.1376,50.288,40.98,55,0,7.14
251,Faya,SA,2022-02-02 21:29:25,18.3851,42.4509,57.31,70,13,0.54
252,Severo-Yeniseyskiy,RU,2022-02-02 21:32:54,60.3725,93.0408,10.15,95,100,4.88
253,Sao Paulo De Olivenca,BR,2022-02-02 21:32:54,-3.3783,-68.8725,74.53,94,98,3.27
254,Acari,PE,2022-02-02 21:32:55,-15.4311,-74.6158,77.88,65,18,9.91
255,Yanggu,CN,2022-02-02 21:32:55,36.1106,115.7753,30.33,47,31,5.44
256,Ewa Beach,US,2022-02-02 21:32:55,21.3156,-158.0072,80.55,56,0,4.0
257,Marzuq,YE,2022-02-02 21:32:56,14.4,46.4667,64.09,48,94,4.38
258,Samarai,PG,2022-02-02 21:32:56,-10.6167,150.6667,80.47,79,98,6.58
259,Robertsport,LR,2022-02-02 21:32:56,6.7533,-11.3686,80.31,83,11,9.91
260,Udachnyy,RU,2022-02-02 21:32:57,66.4167,112.4,-32.73,100,45,3.15
261,Basco,PH,2022-02-02 21:32:57,20.4487,121.9702,75.45,71,84,15.59
262,Bhinmal,IN,2022-02-02 21:32:57,25.0,72.25,62.94,76,4,12.97
263,Jalu,LY,2022-02-02 21:30:35,29.0331,21.5482,53.26,58,51,13.51
264,Dikson,RU,2022-02-02 21:32:58,73.5069,80.5464,-7.8,98,94,9.89
265,Jawhar,SO,2022-02-02 21:32:58,2.7809,45.5005,75.63,80,82,13.91
266,Winona,US,2022-02-02 21:32:59,43.9666,-91.7668,11.41,57,0,16.11
267,Oparino,RU,2022-02-02 21:32:59,59.8518,48.2783,20.8,94,100,7.94
268,Hobyo,SO,2022-02-02 21:31:13,5.3505,48.5268,77.85,74,92,19.62
269,Haikou,CN,2022-02-02 21:31:07,20.0458,110.3417,55.53,94,100,8.95
270,Newcastle,AU,2022-02-02 21:31:22,-32.9272,151.7765,65.82,94,100,5.99
271,Vitim,RU,2022-02-02 21:33:00,59.4511,112.5578,-9.51,99,100,3.85
272,Ust-Nera,RU,2022-02-02 21:33:00,64.5667,143.2,-18.38,99,90,2.77
273,Bograd,RU,2022-02-02 21:33:00,54.2344,90.8328,-22.25,98,79,2.84
274,Lebu,CL,2022-02-02 21:33:01,-37.6167,-73.65,63.72,79,45,11.01
275,Santa Rosa,PH,2022-02-02 21:30:26,14.3122,121.1114,78.78,77,85,8.3
276,Batagay,RU,2022-02-02 21:33:01,67.6333,134.6333,-33.52,99,76,3.36
277,Pizarro,CO,2022-02-02 21:33:02,4.9533,-77.366,80.29,75,19,4.85
278,Vakhrushev,RU,2022-02-02 21:34:03,48.9833,142.9667,0.97,91,42,7.25
279,Kahului,US,2022-02-02 21:34:03,20.8947,-156.47,80.62,64,20,6.91
280,Bathsheba,BB,2022-02-02 21:34:03,13.2167,-59.5167,81.21,69,40,13.8
281,Lagoa,PT,2022-02-02 21:34:04,39.05,-27.9833,58.26,73,4,7.4
282,Quthing,LS,2022-02-02 21:34:04,-30.4,27.7003,70.86,58,97,3.36
283,Broken Hill,AU,2022-02-02 21:34:05,-31.95,141.4333,58.71,55,0,17.27
284,Hervey Bay,AU,2022-02-02 21:30:09,-25.2986,152.8535,75.04,80,98,12.48
285,Wilmington,US,2022-02-02 21:31:39,34.2257,-77.9447,61.95,66,100,9.22
286,Polunochnoye,RU,2022-02-02 21:34:05,60.8697,60.4153,3.07,98,79,3.38
287,Koutiala,ML,2022-02-02 21:34:06,12.3917,-5.4642,75.58,10,1,7.87
288,Coquimbo,CL,2022-02-02 21:30:19,-29.9533,-71.3436,67.73,68,20,13.8
289,Bengkulu,ID,2022-02-02 21:32:49,-3.8004,102.2655,76.28,88,97,4.34
290,Warrington,GB,2022-02-02 21:34:06,53.3925,-2.5802,49.91,86,100,1.99
291,Yalvac,TR,2022-02-02 21:34:07,38.2956,31.1778,35.8,99,100,6.13
292,Russell,US,2022-02-02 21:30:14,32.3502,-85.1999,70.92,47,20,16.11
293,Tamandare,BR,2022-02-02 21:34:07,-8.7597,-35.1047,80.29,76,27,10.33
294,Quatre Cocos,MU,2022-02-02 21:34:08,-20.2078,57.7625,79.09,89,100,32.64
295,Ljungby,SE,2022-02-02 21:34:09,56.8332,13.9408,28.8,93,23,5.79
296,Gambela,ET,2022-02-02 21:34:09,8.25,34.5833,87.03,30,100,0.34
297,Jardim,BR,2022-02-02 21:34:09,-21.4803,-56.1381,81.03,72,71,5.59
298,Kaili,ID,2022-02-02 21:34:10,-3.4626,120.2147,66.81,94,100,2.84
299,Madikeri,IN,2022-02-02 21:34:10,12.4167,75.7333,57.9,97,15,1.34
300,Lhokseumawe,ID,2022-02-02 21:34:10,5.1801,97.1507,75.83,89,43,1.61
301,Lusambo,CD,2022-02-02 21:34:11,-4.9667,23.45,69.15,94,100,1.59
302,Dali,CN,2022-02-02 21:34:11,25.7,100.1833,33.91,86,5,4.07
303,Maceio,BR,2022-02-02 21:34:12,-9.6658,-35.7353,83.64,69,20,11.5
304,Kankon,IN,2022-02-02 21:34:12,15.0167,74.0167,70.47,85,1,5.23
305,Yulara,AU,2022-02-02 21:34:12,-25.2406,130.9889,66.04,59,100,12.66
306,Tiarei,PF,2022-02-02 21:30:42,-17.5333,-149.3333,84.22,77,11,19.73
307,Azuaga,ES,2022-02-02 21:34:13,38.2667,-5.6833,48.67,59,73,1.63
308,Bangassou,CF,2022-02-02 21:34:13,4.7413,22.8184,80.73,35,100,2.75
309,Malanje,AO,2022-02-02 21:29:30,-9.5402,16.341,64.26,78,24,3.42
310,Bongandanga,CD,2022-02-02 21:34:14,1.5,21.05,78.48,31,96,0.69
311,Ures,MX,2022-02-02 21:34:14,29.4333,-110.4,68.13,37,68,16.93
312,Makasar,ID,2022-02-02 21:30:36,-5.14,119.4221,75.25,100,40,5.75
313,Lincoln,US,2022-02-02 21:29:40,40.8,-96.667,18.84,37,0,5.01
314,Mitchell,US,2022-02-02 21:34:15,43.7094,-98.0298,10.74,42,20,3.0
315,Cherskiy,RU,2022-02-02 21:30:39,68.75,161.3,-14.87,65,62,0.54
316,Sakakah,SA,2022-02-02 21:34:15,29.9697,40.2064,53.17,40,22,11.12
317,Te Anau,NZ,2022-02-02 21:34:16,-45.4167,167.7167,60.03,88,100,2.89
318,Nouadhibou,MR,2022-02-02 21:34:16,20.931,-17.0347,71.58,56,1,17.27
319,Campagna,IT,2022-02-02 21:34:17,40.6653,15.1059,49.62,59,0,6.51
320,Caraballeda,VE,2022-02-02 21:34:17,10.6112,-66.8522,84.27,74,40,6.91
321,Bonavista,CA,2022-02-02 21:34:17,48.6499,-53.1147,25.12,69,28,18.88
322,Acapulco,MX,2022-02-02 21:32:59,16.8634,-99.8901,84.02,61,0,4.61
323,Bilibino,RU,2022-02-02 21:31:45,68.0546,166.4372,-7.58,63,61,5.14
324,Biloela,AU,2022-02-02 21:34:18,-24.4167,150.5,77.18,81,99,5.77
325,Chumikan,RU,2022-02-02 21:35:19,54.7183,135.315,-12.48,86,78,12.86
326,Lazurne,UA,2022-02-02 21:35:20,46.084,32.5295,36.01,93,100,6.49
327,Chokurdakh,RU,2022-02-02 21:35:20,70.6333,147.9167,-19.59,97,100,6.93
328,East London,ZA,2022-02-02 21:32:13,-33.0153,27.9116,74.89,94,59,11.56
329,San Bartolome De Tirajana,ES,2022-02-02 21:35:21,27.9248,-15.5733,59.47,66,20,19.57
330,Leshukonskoye,RU,2022-02-02 21:35:21,64.8989,45.7622,7.56,98,97,2.55
331,Joensuu,FI,2022-02-02 21:35:21,62.6012,29.7632,10.89,85,71,4.61
332,Christchurch,NZ,2022-02-02 21:33:15,-43.5333,172.6333,82.99,57,100,1.99
333,Cabo San Lucas,MX,2022-02-02 21:31:13,22.8909,-109.9124,78.62,54,20,3.0
334,Santa Isabel,BR,2022-02-02 21:35:22,-23.3156,-46.2214,73.65,99,100,4.21
335,Itarema,BR,2022-02-02 21:32:07,-2.9248,-39.9167,79.88,78,43,11.59
336,Vila Velha,BR,2022-02-02 21:35:23,-20.3297,-40.2925,80.55,85,75,4.61
337,Otjiwarongo,NA,2022-02-02 21:35:23,-20.4637,16.6477,66.2,40,65,5.75
338,Lavrentiya,RU,2022-02-02 21:30:41,65.5833,-171.0,0.23,69,0,22.32
339,Mandera,KE,2022-02-02 21:31:15,3.9366,41.867,83.55,34,95,5.03
340,Acajutla,SV,2022-02-02 21:35:24,13.5928,-89.8275,86.81,62,4,6.44
341,Husavik,IS,2022-02-02 21:35:24,66.0449,-17.3389,22.91,91,99,5.86
342,Lishui,CN,2022-02-02 21:35:25,28.4604,119.9103,37.08,97,100,2.86
343,Suntar,RU,2022-02-02 21:35:25,62.1444,117.6319,-27.9,99,26,3.51
344,Padang,ID,2022-02-02 21:30:33,-0.9492,100.3543,76.91,86,78,3.6
345,Fortuna,US,2022-02-02 21:31:31,40.5982,-124.1573,58.42,67,0,8.01
346,Mirpur Sakro,PK,2022-02-02 21:35:26,24.5474,67.6277,73.62,22,3,16.51
347,Kongwa,TZ,2022-02-02 21:35:26,-6.2,36.4167,66.24,92,100,1.88
348,Valleyview,CA,2022-02-02 21:35:27,55.0667,-117.2859,-0.36,65,100,14.97
349,Port Lincoln,AU,2022-02-02 21:35:27,-34.7333,135.8667,63.91,72,19,15.55
350,Namatanai,PG,2022-02-02 21:35:27,-3.6667,152.4333,79.7,82,100,7.63
351,Ankpa,NG,2022-02-02 21:35:28,7.3706,7.6253,75.34,18,5,1.88
352,Paita,PE,2022-02-02 21:35:28,-5.0892,-81.1144,82.96,70,4,18.72
353,Sawtell,AU,2022-02-02 21:35:29,-30.3833,153.1,73.18,96,75,12.66
354,Tubuala,PA,2022-02-02 21:35:29,9.5167,-79.0333,89.56,75,16,9.26
355,Ust-Kuyga,RU,2022-02-02 21:35:30,70.0167,135.6,-21.19,96,88,8.3
356,Mahanoro,MG,2022-02-02 21:35:30,-19.9,48.8,73.96,88,100,11.88
357,Ranong,TH,2022-02-02 21:35:31,9.9658,98.6348,77.5,83,59,3.44
358,Rio Gallegos,AR,2022-02-02 21:30:50,-51.6226,-69.2181,64.45,52,75,20.71
359,Isoka,ZM,2022-02-02 21:35:31,-10.1606,32.6335,61.77,96,100,3.31
360,Porirua,NZ,2022-02-02 21:35:31,-41.1333,174.85,74.55,83,93,17.63
361,Alice Springs,AU,2022-02-02 21:33:10,-23.7,133.8833,63.95,94,75,8.05
362,Srednekolymsk,RU,2022-02-02 21:35:32,67.45,153.6833,-24.21,98,100,1.86
363,Luderitz,NA,2022-02-02 21:35:32,-26.6481,15.1594,68.27,78,68,1.77
364,Anadyr,RU,2022-02-02 21:33:04,64.75,177.4833,16.3,57,0,22.37
365,Pandan,PH,2022-02-02 21:35:33,14.0453,124.1694,76.87,88,100,14.25
366,Santo Antonio,BR,2022-02-02 21:35:34,-6.3106,-35.4789,83.71,73,51,9.78
367,Ughelli,NG,2022-02-02 21:35:34,5.4899,6.0074,78.46,74,3,4.7
368,Yatou,CN,2022-02-02 21:35:35,37.15,122.3833,26.51,60,3,4.27
369,Esperanza,DO,2022-02-02 21:36:35,19.5847,-70.9849,79.38,79,58,1.01
370,Bowen,AU,2022-02-02 21:36:36,-20.0167,148.2333,79.02,77,100,2.21
371,Kailua,US,2022-02-02 21:34:01,21.4022,-157.7394,80.58,65,20,10.36
372,Kortkeros,RU,2022-02-02 21:36:36,61.8106,51.5806,26.6,94,100,6.89
373,Bintulu,MY,2022-02-02 21:36:37,3.1667,113.0333,73.81,100,20,3.0
374,Rio Tercero,AR,2022-02-02 21:36:37,-32.173,-64.1141,82.45,45,100,2.01
375,Tramore,IE,2022-02-02 21:36:37,52.1624,-7.1524,49.08,77,100,1.99
376,Coffs Harbour,AU,2022-02-02 21:36:38,-30.3,153.1333,73.13,96,75,12.66
377,Wanning,CN,2022-02-02 21:32:09,18.8003,110.3967,63.05,93,66,10.92
378,Porto Nacional,BR,2022-02-02 21:36:38,-10.7081,-48.4172,78.8,80,74,1.88
379,Xiaoweizhai,CN,2022-02-02 21:36:39,26.1903,107.5125,32.72,91,100,4.0
380,Xunchang,CN,2022-02-02 21:36:39,28.4543,104.715,37.33,89,17,0.4
381,Gat,IL,2022-02-02 21:34:40,31.61,34.7642,60.4,55,98,4.45
382,Vila,PT,2022-02-02 21:36:40,42.0304,-8.1588,45.32,73,95,3.8
383,Shakhtinsk,KZ,2022-02-02 21:36:40,49.71,72.5872,1.96,90,100,2.04
384,Abalak,RU,2022-02-02 21:36:41,58.1286,68.5944,22.91,90,100,9.69
385,Montemarciano,IT,2022-02-02 21:36:41,43.6389,13.3075,50.92,67,0,3.44
386,Beloha,MG,2022-02-02 21:36:41,-25.1667,45.05,73.24,73,0,16.44
387,Manono,CD,2022-02-02 21:36:42,-7.3,27.4167,69.01,96,100,1.1
388,Redmond,US,2022-02-02 21:35:02,47.674,-122.1215,42.87,81,100,1.01
389,Marsabit,KE,2022-02-02 21:36:42,2.3284,37.9899,70.84,55,100,9.44
390,Kavaratti,IN,2022-02-02 21:34:31,10.5669,72.642,79.52,72,7,10.6
391,Gualeguaychu,AR,2022-02-02 21:36:43,-33.0094,-58.5172,91.49,52,20,9.22
392,Saint-Joseph,RE,2022-02-02 21:36:43,-21.3667,55.6167,79.18,92,100,32.99
393,Luocheng,CN,2022-02-02 21:36:44,29.3848,104.0286,37.71,91,13,1.72
394,Castro,BR,2022-02-02 21:36:44,-24.7911,-50.0119,66.94,90,32,5.3
395,Luanshya,ZM,2022-02-02 21:36:45,-13.1367,28.4166,64.02,97,100,2.77
396,Kruisfontein,ZA,2022-02-02 21:36:45,-34.0033,24.7314,69.89,92,100,6.93
397,Carnarvon,AU,2022-02-02 21:36:45,-24.8667,113.6333,77.07,88,75,10.36
398,Kermanshah,IR,2022-02-02 21:36:46,34.3142,47.065,29.3,80,99,0.0
399,Zahir Pir,PK,2022-02-02 21:36:46,28.8124,70.524,60.89,38,10,21.14
400,Burnie,AU,2022-02-02 21:36:46,-41.0667,145.9167,61.92,69,18,11.88
401,Tuy Hoa,VN,2022-02-02 21:36:47,13.0833,109.3,72.19,93,90,5.32
402,Kodinar,IN,2022-02-02 21:36:47,20.7903,70.7031,68.74,81,2,9.86
403,Beisfjord,NO,2022-02-02 21:36:47,68.3751,17.5988,19.45,83,100,10.09
404,Naze,JP,2022-02-02 21:36:48,28.3667,129.4833,56.32,90,100,23.0
405,French Harbor,HN,2022-02-02 21:36:48,16.35,-86.4333,82.4,80,20,3.0
406,La Ronge,CA,2022-02-02 21:36:49,55.1001,-105.2842,-12.75,44,0,4.61
407,Maba,CN,2022-02-02 21:36:49,24.6841,113.5984,42.42,96,100,3.0
408,Vostok,RU,2022-02-02 21:36:49,46.4856,135.8833,-6.92,99,100,3.58
409,Farmington,US,2022-02-02 21:36:50,36.7281,-108.2187,36.7,49,100,17.27
410,Talnakh,RU,2022-02-02 21:32:41,69.4865,88.3972,-3.8,99,93,6.29
411,Serenje,ZM,2022-02-02 21:36:50,-13.2325,30.2352,62.02,96,8,2.86
412,Yar-Sale,RU,2022-02-02 21:36:51,66.8333,70.8333,-1.12,98,100,13.2
413,Labuan,MY,2022-02-02 21:37:51,5.2767,115.2417,77.36,94,20,0.0
414,Kalmunai,LK,2022-02-02 21:37:51,7.4167,81.8167,74.89,74,84,3.18
415,Saquena,PE,2022-02-02 21:37:52,-4.6667,-73.5167,82.89,67,100,2.15
416,Itaqui,BR,2022-02-02 21:37:52,-29.1253,-56.5531,102.13,14,33,4.88
417,Saint-Francois,FR,2022-02-02 21:33:19,46.4154,3.9054,44.04,93,100,3.44
418,Raudeberg,NO,2022-02-02 21:34:23,61.9875,5.1352,32.67,84,100,1.99
419,Vanino,RU,2022-02-02 21:37:53,49.0869,140.2543,-2.38,84,27,5.91
420,Kakonko,TZ,2022-02-02 21:37:07,-3.2828,30.9642,62.38,97,99,3.53
421,Tevaitoa,PF,2022-02-02 21:37:53,-16.7833,-151.5,81.23,69,20,18.59
422,Pacific Grove,US,2022-02-02 21:37:54,36.6177,-121.9166,64.87,30,0,4.0
423,Hofn,IS,2022-02-02 21:37:54,64.2539,-15.2082,29.59,56,100,4.72
424,Paamiut,GL,2022-02-02 21:37:55,61.994,-49.6678,7.27,65,100,16.46
425,Wajima,JP,2022-02-02 21:37:55,37.4,136.9,40.41,66,100,20.83
426,Escarcega,MX,2022-02-02 21:37:55,18.6089,-90.7454,94.95,28,0,5.64
427,Wagar,SD,2022-02-02 21:34:22,16.1525,36.2032,74.97,50,100,8.93
428,Dingle,PH,2022-02-02 21:33:11,10.9995,122.6711,74.23,93,99,8.1
429,Moron,AR,2022-02-02 21:37:56,-34.6534,-58.6198,91.0,48,64,9.6
430,Dongsheng,CN,2022-02-02 21:37:56,39.8161,109.9776,9.7,42,8,4.09
431,Enterprise,US,2022-02-02 21:37:57,36.0252,-115.2419,49.33,16,20,17.0
432,Aklavik,CA,2022-02-02 21:37:57,68.2191,-135.0107,-22.0,76,75,3.44
433,Kropotkin,RU,2022-02-02 21:37:57,45.4375,40.5756,36.48,86,100,7.25
434,Chizhou,CN,2022-02-02 21:37:58,30.6578,117.4831,35.44,98,100,5.59
435,Nikitinskiy,RU,2022-02-02 21:37:58,54.5845,86.0115,1.06,99,90,2.01
436,Calama,CL,2022-02-02 21:37:58,-22.4667,-68.9333,73.89,12,0,24.16
437,Inta,RU,2022-02-02 21:37:59,66.0317,60.1659,12.49,95,100,4.27
438,Buzmeyin,TM,2022-02-02 21:37:59,38.0507,58.2056,40.73,48,0,4.61
439,Colares,PT,2022-02-02 21:38:00,38.7992,-9.4469,57.33,67,100,1.01
440,Hovd,MN,2022-02-02 21:38:00,48.0056,91.6419,-4.9,98,96,0.22
441,Arlit,NE,2022-02-02 21:36:01,18.7369,7.3853,64.27,17,0,15.26
442,Palaikastron,GR,2022-02-02 21:38:01,35.2,26.25,54.75,65,98,19.71
443,Mazatlan,MX,2022-02-02 21:38:01,23.2167,-106.4167,76.96,71,40,4.0
444,Gazanjyk,TM,2022-02-02 21:38:01,39.2446,55.5154,46.51,47,2,11.14
445,Manavalakurichi,IN,2022-02-02 21:38:02,8.1333,77.3,80.69,66,16,6.33
446,Vilshofen,DE,2022-02-02 21:38:02,48.6333,13.1833,39.2,84,27,6.71
447,Tilichiki,RU,2022-02-02 21:38:02,60.4667,166.1,1.54,82,100,10.92
448,Tahe,CN,2022-02-02 21:38:03,52.3333,124.7333,-8.43,81,12,6.38
449,Santa Cruz Del Norte,CU,2022-02-02 21:38:03,23.1539,-81.9236,84.81,73,59,21.05
450,Nome,US,2022-02-02 21:38:04,64.5011,-165.4064,10.47,57,0,35.68
451,Mayo,US,2022-02-02 21:38:04,38.8876,-76.5119,50.11,73,80,4.0
452,Karratha,AU,2022-02-02 21:38:04,-20.7377,116.8463,81.25,73,100,6.24
453,Bulnes,CL,2022-02-02 21:38:05,-36.7423,-72.2985,86.76,32,0,13.15
454,Nanton,CA,2022-02-02 21:38:05,50.3501,-113.7687,1.81,68,80,13.42
455,Berlevag,NO,2022-02-02 21:38:06,70.8578,29.0864,19.2,93,75,8.05
456,Saint Cloud,US,2022-02-02 21:38:06,45.5608,-94.1625,5.0,57,0,5.01
457,Kapoeta,SS,2022-02-02 21:39:06,4.7717,33.5903,84.63,29,100,3.33
458,Luchegorsk,RU,2022-02-02 21:39:07,46.4764,134.2569,-10.75,100,69,4.07
459,Yate,GB,2022-02-02 21:39:07,51.5407,-2.4184,48.72,91,100,1.99
460,Bundi,IN,2022-02-02 21:39:08,25.4417,75.6417,62.15,44,0,5.75
461,Manggar,ID,2022-02-02 21:39:08,-2.8833,108.2667,78.39,84,100,5.48
462,Bac Lieu,VN,2022-02-02 21:39:09,9.285,105.7244,77.7,81,90,15.39
463,Tongren,CN,2022-02-02 21:39:09,27.7172,109.1853,33.4,95,97,0.78
464,Corinto,GR,2022-02-02 21:39:09,37.9407,22.9573,46.83,87,97,7.94
465,Phon,TH,2022-02-02 21:39:10,15.816,102.5998,79.11,70,48,5.59
466,Santa Cruz De La Palma,ES,2022-02-02 21:39:10,28.6835,-17.7642,72.14,68,0,4.61
467,Lugovoy,KZ,2022-02-02 21:39:10,42.9472,72.7644,32.07,70,100,5.66
468,Piet Retief,ZA,2022-02-02 21:39:11,-27.0071,30.8132,63.45,96,2,3.67
469,Baherden,TM,2022-02-02 21:39:11,38.4362,57.4316,47.62,38,0,6.71
470,Shahrud,IR,2022-02-02 21:39:11,36.4182,54.9763,34.9,72,0,4.07
471,Khorramshahr,IR,2022-02-02 21:39:12,30.4397,48.1664,49.96,87,0,4.61
472,Valavanur,IN,2022-02-02 21:39:12,11.9209,79.5824,67.84,75,11,2.89
473,San,ML,2022-02-02 21:39:13,13.3034,-4.8956,74.88,12,1,8.61
474,Cururupu,BR,2022-02-02 21:39:13,-1.8283,-44.8683,74.71,94,99,3.36
475,Chicago,US,2022-02-02 21:39:00,41.85,-87.65,23.41,89,100,8.01
476,Gilgit,PK,2022-02-02 21:39:14,35.9221,74.3087,32.14,95,100,2.13
477,Riviere-Au-Renard,CA,2022-02-02 21:39:14,48.9957,-64.3971,26.89,83,100,13.91
478,Lloydminster,CA,2022-02-02 21:39:14,53.2835,-110.0016,-13.32,76,20,12.66
479,Sechura,PE,2022-02-02 21:39:15,-5.5569,-80.8222,80.8,53,13,18.9
480,Sawakin,SD,2022-02-02 21:39:15,19.1059,37.3321,70.99,71,7,4.79
481,Bati,ET,2022-02-02 21:39:15,11.1833,40.0167,67.91,51,98,5.1
482,Qunduz,AF,2022-02-02 21:39:16,36.729,68.857,44.24,83,100,7.07
483,Fort-Shevchenko,KZ,2022-02-02 21:39:16,44.5086,50.263,42.04,78,97,16.35
484,Mandalgovi,MN,2022-02-02 21:39:17,45.7625,106.2708,-0.31,79,2,10.0
485,Yumen,CN,2022-02-02 21:39:17,40.2833,97.2,21.4,35,100,9.66
486,Puerto Escondido,MX,2022-02-02 21:39:17,15.85,-97.0667,81.43,69,20,11.5
487,Tezu,IN,2022-02-02 21:39:18,27.9167,96.1667,53.58,63,85,3.78
488,Necochea,AR,2022-02-02 21:39:18,-38.5473,-58.7368,84.02,49,100,11.23
489,Niquero,CU,2022-02-02 21:39:19,20.0431,-77.5828,79.72,67,36,6.15
490,Osorno,CL,2022-02-02 21:36:34,-40.5667,-73.15,80.91,44,20,6.91
491,Great Falls,US,2022-02-02 21:39:19,47.5002,-111.3008,14.92,62,0,11.5
492,Andenes,NO,2022-02-02 21:39:19,69.3143,16.1194,22.98,63,20,16.11
493,Meulaboh,ID,2022-02-02 21:39:20,4.1363,96.1285,76.08,85,71,3.15
494,Derzhavinsk,KZ,2022-02-02 21:39:20,51.1,66.3167,13.75,88,98,6.24
495,Vestmanna,FO,2022-02-02 21:39:21,62.1564,-7.1664,40.12,87,75,12.66
496,Bethanien,NA,2022-02-02 21:39:21,-26.502,17.1583,73.44,52,16,7.72
497,Guarapari,BR,2022-02-02 21:39:22,-20.6667,-40.4975,80.49,86,100,0.36
498,Ipixuna,BR,2022-02-02 21:39:22,-1.7625,-48.8043,82.35,96,86,4.52
499,Axim,GH,2022-02-02 21:39:22,4.8699,-2.2405,80.33,81,9,9.82
500,Ust-Kan,RU,2022-02-02 21:39:23,50.9276,84.761,-4.95,92,27,3.29
501,Aksu,CN,2022-02-02 21:37:10,41.1231,80.2644,22.26,54,91,1.34
502,Florida,US,2022-02-02 21:39:23,28.7505,-82.5001,79.03,43,0,7.0
503,Gwembe,ZM,2022-02-02 21:39:24,-16.4975,27.6069,64.35,94,1,1.95
504,Manado,ID,2022-02-02 21:40:24,1.487,124.8455,74.17,100,40,0.0
505,Rocha,UY,2022-02-02 21:40:24,-34.4833,-54.3333,75.36,71,0,12.46
506,La Quinta,US,2022-02-02 21:40:25,33.6634,-116.31,64.62,10,40,5.01
507,Sorong,ID,2022-02-02 21:40:25,-0.8833,131.25,77.18,88,100,4.45
508,Chissamba,AO,2022-02-02 21:40:26,-12.1667,17.3333,63.21,91,57,1.74
509,Hudson Bay,CA,2022-02-02 21:40:26,52.85,-102.3842,-8.39,83,28,8.1
510,Sao Joao Do Piaui,BR,2022-02-02 21:40:26,-8.3581,-42.2467,84.02,43,98,1.83
511,Santa Maria,BR,2022-02-02 21:40:27,-29.6842,-53.8069,92.5,40,20,6.91
512,Umm Lajj,SA,2022-02-02 21:40:27,25.0213,37.2685,69.12,50,0,6.35
513,Tabas,IR,2022-02-02 21:40:27,33.5959,56.9244,45.43,44,0,1.72
514,Marawi,PH,2022-02-02 21:39:19,7.9986,124.2928,65.64,89,98,1.1
515,Jedburgh,GB,2022-02-02 21:40:28,55.48,-2.552,49.24,87,100,13.91
516,Brattvag,NO,2022-02-02 21:40:28,62.6002,6.4434,35.26,69,40,9.22
517,Mirnyy,RU,2022-02-02 21:40:29,62.5353,113.9611,-32.53,100,6,3.83
518,Taian,CN,2022-02-02 21:40:29,36.1853,117.12,29.26,42,39,2.48
519,Pangnirtung,CA,2022-02-02 21:40:30,66.1451,-65.7125,6.8,78,100,25.32
520,Freeport,US,2022-02-02 21:37:19,40.6576,-73.5832,44.78,80,40,3.0
521,Soyo,AO,2022-02-02 21:40:30,-6.1349,12.3689,78.3,75,74,8.72
522,Los Llanos De Aridane,ES,2022-02-02 21:40:30,28.6585,-17.9182,68.13,51,0,5.99
523,Xichang,CN,2022-02-02 21:40:31,27.8964,102.2634,29.79,94,90,3.27
524,Sao Jose Da Coroa Grande,BR,2022-02-02 21:40:31,-8.8978,-35.1478,80.44,76,27,10.78
525,Bulgan,MN,2022-02-02 21:40:32,48.8125,103.5347,-6.25,86,8,4.5
526,Dhidhdhoo,MV,2022-02-02 21:40:32,6.8833,73.1,80.65,74,17,11.05
527,Hashtrud,IR,2022-02-02 21:40:32,37.4779,47.0508,2.66,89,6,2.15
528,Kysyl-Syr,RU,2022-02-02 21:40:33,63.8986,122.7617,-15.05,98,100,4.79
529,Zhangye,CN,2022-02-02 21:40:33,38.9342,100.4517,20.61,37,80,4.9
530,Svetlogorsk,BY,2022-02-02 21:40:34,52.6333,29.7333,28.89,97,99,8.97
531,Portobelo,PA,2022-02-02 21:40:34,9.55,-79.65,88.07,72,22,7.58
532,Ulaanbaatar,MN,2022-02-02 21:36:55,47.9077,106.8832,-25.47,68,0,2.24
533,Mugur-Aksy,RU,2022-02-02 21:40:35,50.35,90.5,-9.58,85,34,5.82
534,Eyl,SO,2022-02-02 21:40:35,7.9803,49.8164,73.56,77,6,14.61
535,Lodja,CD,2022-02-02 21:40:35,-3.4833,23.4333,69.24,99,100,1.32
536,Zhigansk,RU,2022-02-02 21:40:36,66.7697,123.3711,-12.3,99,100,6.71
537,Sawai Madhopur,IN,2022-02-02 21:40:36,25.9833,76.3667,57.9,54,0,4.99
538,Flinders,AU,2022-02-02 21:40:37,-34.5833,150.8552,67.17,73,80,13.0
539,Prince Rupert,CA,2022-02-02 21:40:37,54.3161,-130.3201,42.49,100,100,5.75
540,Srikakulam,IN,2022-02-02 21:40:37,18.3,83.9,69.71,81,69,3.8
541,Taltal,CL,2022-02-02 21:40:20,-25.4,-70.4833,70.18,68,21,7.63
542,Yaring,TH,2022-02-02 21:40:38,6.8662,101.3689,76.62,87,35,10.36
543,Gasa,PS,2022-02-02 21:39:26,31.5,34.4667,53.91,60,100,6.82
544,Kamina,CD,2022-02-02 21:40:38,-8.7386,24.9906,63.01,98,100,2.62
545,Doaba,PK,2022-02-02 21:40:39,33.4244,70.7364,44.08,65,67,0.92
546,Cayenne,GF,2022-02-02 21:40:39,4.9333,-52.3333,80.1,84,75,5.99
547,Steinbach,DE,2022-02-02 21:40:39,50.1667,8.5667,44.64,85,75,1.14
548,Salamiyah,SY,2022-02-02 21:38:03,35.0113,37.0532,50.11,51,100,12.21
549,Orcopampa,PE,2022-02-02 21:41:40,-15.2661,-72.3417,48.0,89,95,9.64
550,College,US,2022-02-02 21:39:48,64.8569,-147.8028,-7.42,71,20,0.0
551,Shahr-E Babak,IR,2022-02-02 21:41:40,30.1165,55.1186,39.22,42,0,2.19
552,Mwinilunga,ZM,2022-02-02 21:41:41,-11.7358,24.4293,61.29,96,99,1.61
553,Cockburn Town,TC,2022-02-02 21:41:28,21.4612,-71.1419,71.56,88,75,13.8
554,Kalabo,ZM,2022-02-02 21:41:41,-14.97,22.6814,72.05,73,100,2.57
555,Morrope,PE,2022-02-02 21:41:42,-6.5417,-80.0111,77.11,56,39,19.39
556,Poum,NC,2022-02-02 21:41:42,-20.2333,164.0167,79.95,76,0,6.82
557,Teguise,ES,2022-02-02 21:41:43,29.0605,-13.564,70.02,33,0,4.61
558,Brigantine,US,2022-02-02 21:41:43,39.4101,-74.3646,44.89,96,100,3.44
559,Port Hardy,CA,2022-02-02 21:41:43,50.6996,-127.4199,37.58,93,100,10.36
560,Maragogi,BR,2022-02-02 21:41:44,-9.0122,-35.2225,80.35,76,19,10.11
561,Lasa,IT,2022-02-02 21:41:44,46.6166,10.7002,41.02,94,77,8.19
562,Araouane,ML,2022-02-02 21:41:44,18.9048,-3.5265,65.66,13,72,12.15
563,Kutum,SD,2022-02-02 21:37:37,14.2,24.6667,67.19,21,48,8.05
564,Buchanan,LR,2022-02-02 21:41:45,5.8808,-10.0467,76.96,81,23,6.96
565,Kimbe,PG,2022-02-02 21:41:45,-5.5502,150.1429,75.49,94,100,3.29
566,Pontes E Lacerda,BR,2022-02-02 21:41:45,-15.2261,-59.3353,78.57,89,76,3.4
567,Antofagasta,CL,2022-02-02 21:38:07,-23.65,-70.4,69.08,73,7,10.56
568,Chupa,RU,2022-02-02 21:41:46,66.27,33.0549,13.37,95,99,6.29
569,Alexandria,EG,2022-02-02 21:41:46,31.2156,29.9553,57.16,67,40,4.61
570,Mazamari,PE,2022-02-02 21:41:47,-11.3258,-74.5308,77.85,77,81,1.19
571,Ahipara,NZ,2022-02-02 21:38:48,-35.1667,173.1667,74.41,71,100,13.06
572,Belmonte,BR,2022-02-02 21:41:47,-15.8631,-38.8828,82.9,80,100,7.34
573,Winslow,US,2022-02-02 21:41:48,35.0242,-110.6974,39.96,26,100,4.0
574,Tura,IN,2022-02-02 21:41:48,25.5198,90.2201,59.99,52,80,3.89
575,Baykit,RU,2022-02-02 21:41:48,61.67,96.37,-0.04,99,100,1.92
576,Omboue,GA,2022-02-02 21:41:49,-1.5746,9.2618,77.65,86,82,5.84
577,Boende,CD,2022-02-02 21:41:49,-0.2167,20.8667,77.52,44,100,2.91
578,Northam,GB,2022-02-02 21:41:50,51.0333,-4.2167,48.38,89,100,9.04
579,Magadan,RU,2022-02-02 21:41:50,59.5667,150.8,12.38,80,100,8.77
580,Itaberaba,BR,2022-02-02 21:41:50,-12.5275,-40.3069,80.04,54,28,3.78
581,Pirovskoye,RU,2022-02-02 21:41:51,57.6267,92.2658,-4.5,99,67,4.0
582,Besikduzu,TR,2022-02-02 21:41:51,41.052,39.2284,62.49,66,100,10.63
583,Merauke,ID,2022-02-02 21:41:51,-8.4667,140.3333,77.02,79,100,4.99
584,Rongcheng,CN,2022-02-02 21:41:52,30.634,117.8517,35.67,99,100,3.78
585,Puerto Colombia,CO,2022-02-02 21:41:52,10.9878,-74.9547,86.09,80,0,23.24
586,Palauig,PH,2022-02-02 21:41:53,15.435,119.9045,76.5,69,16,3.94
587,Nanning,CN,2022-02-02 21:41:53,22.8167,108.3167,46.85,84,100,6.02
588,Avera,US,2022-02-02 21:41:53,33.194,-82.5271,65.08,75,91,3.51
589,Snasa,NO,2022-02-02 21:41:54,64.2457,12.3778,18.81,96,100,5.37
590,Guaraniacu,BR,2022-02-02 21:41:54,-25.1008,-52.8781,85.06,67,74,3.13
591,Olafsvik,IS,2022-02-02 21:41:54,64.8945,-23.7142,30.33,55,98,6.91
592,Komsomolskiy,UZ,2022-02-02 21:41:55,40.4272,71.7189,39.92,81,75,6.91
